{"count":1,"self":44.388608,"total":44.679463299999995,"children":{"InitializeActuators":{"count":16,"self":0.0019946,"total":0.0019946,"children":null},"InitializeSensors":{"count":16,"self":0.0009973,"total":0.0009973,"children":null},"AgentSendState":{"count":2005,"self":0.016956199999999998,"total":0.046876799999999996,"children":{"CollectObservations":{"count":6416,"self":0.015957799999999998,"total":0.015957799999999998,"children":null},"WriteActionMask":{"count":6416,"self":0.00099739999999999985,"total":0.00099739999999999985,"children":null},"RequestDecision":{"count":6416,"self":0.0129654,"total":0.0129654,"children":null}}},"DecideAction":{"count":2005,"self":0.2330091,"total":0.2330091,"children":null},"AgentAct":{"count":2005,"self":0.0069816999999999995,"total":0.0069816999999999995,"children":null}},"gauges":{"DroneStayMiddle.CumulativeReward":{"count":41,"max":852.494751,"min":-5003.11426,"runningAverage":-262.313629,"value":813.7556,"weightedAverage":826.3577}},"metadata":{"timer_format_version":"0.1.0","start_time_seconds":"1666216309","unity_version":"2021.3.10f1","command_line_arguments":"D:\\Unity\\2021.3.10f1\\Editor\\Unity.exe -projectPath D:\\Projects\\Unity\\DroneHullAssembly\\UnityProject -riderPath C:\\Program Files\\JetBrains\\JetBrains Rider 2022.1.2\\bin\\rider64.exe","communication_protocol_version":"1.5.0","com.unity.ml-agents_version":"2.2.1-exp.1","scene_name":"SampleScene","end_time_seconds":"1666216353"}}